DATE,avg_expenditure_55_64,avg_expenditure_35_44,avg_expenditure_25_34,avg_expenditure_45_54,CPI,employees_construction,HCAI_GOVT,houses-for-sale-to-sold,HCAI_PP,HCAI_GSE,MORTGAGE30US,GDP,PERMIT,pvt_owned_house_under_const,personal_saving_rate,population,house_units_completed,retail_sales_home_furnishing_stores,UNRATE,unrate_construction,industrial_production_cement,producer_price_index_concrete_brick,job_gains_private,residential_const_val,target,homeownership,nonresidential_const_val
2000-01,39517.0,45296.0,38987.0,46308.0,0.297088532382659,6752.0,20.48,4.3,17.08718836,6.699502667,8.21,10002.179,1727.0,991.0,5.0,281304.0,1574.0,7484.0,4.0,9.7,144.613,143.2,3001.33,353065.0,100.551,67.1,247213.0
2000-02,39694.0,45443.0,39029.0,46456.0,0.592417061611377,6730.0,20.02,4.3,16.92718836,6.639502667,8.325,10084.029,1692.0,998.0,4.5,281536.67,1677.0,7548.0,4.1,10.6,143.9732,143.7,3001.33,351933.0,101.339,67.13,265200.0
2000-03,39871.0,45590.0,39071.0,46604.0,0.824499411071837,6811.0,19.56,4.3,16.76718836,6.579502667,8.24,10165.879,1651.0,988.0,4.3,281769.34,1704.0,7599.0,4.0,8.7,151.6946,143.7,3001.33,353452.0,102.126,67.16,268020.0
2000-04,40048.0,45737.0,39113.0,46752.0,0.058411214953279,6794.0,19.085,4.4,16.59375416,6.517766177,8.1525,10247.72,1597.0,989.0,4.8,282002.0,1610.0,7729.0,3.8,5.8,142.1024,143.7,2813.0,356188.0,102.922,67.2,264832.0
2000-05,40225.0,45884.0,39155.0,46900.0,0.116754232340923,6770.0,19.445,4.4,16.18375416,6.437766177,8.515,10271.2,1543.0,985.0,4.8,282257.67,1682.0,7673.0,4.0,5.0,143.7562,149.2,2813.0,349907.0,103.677,67.37,275989.0
2000-06,40402.0,46031.0,39197.0,47048.0,0.524781341107882,6778.0,19.805,4.8,15.77375416,6.357766177,8.288,10294.679999999998,1572.0,982.0,4.8,282513.34,1530.0,7593.0,4.0,4.6,140.99,144.3,2813.0,348133.0,104.424,67.54,271873.0
2000-07,40579.0,46178.0,39239.0,47196.0,0.23201856148492,6794.0,20.153,4.1,15.35747403,6.273571575,8.1475,10318.165,1542.0,979.0,5.1,282769.0,1495.0,7748.0,4.0,4.4,140.54,144.3,2855.33,337374.0,105.053,67.7,274805.0
2000-08,40756.0,46325.0,39281.0,47344.0,0.0,6796.0,20.453,4.4,15.49747403,6.273571575,8.0275,10357.355,1552.0,976.0,5.2,283018.67,1573.0,7682.0,4.1,5.1,144.0,144.3,2855.33,337583.0,105.768,67.63000000000001,284502.0
2000-09,40933.0,46472.0,39323.0,47492.0,0.520833333333312,6807.0,20.753,4.0,15.63747403,6.273571575,7.912000000000001,10396.545,1570.0,970.0,4.5,283268.34,1528.0,7665.0,3.9,4.6,142.1897,144.3,2855.33,339048.0,106.538,67.56,289543.0
2000-10,41110.0,46619.0,39365.0,47640.0,0.172711571675311,6814.0,21.041,4.0,15.77915993,6.274358113,7.795,10435.744,1577.0,972.0,4.8,283518.0,1513.0,7737.0,3.9,4.9,143.4779,144.3,2781.67,344095.0,107.382,67.5,286731.0
2000-11,41287.0,46766.0,39407.0,47788.0,0.0574712643678088,6817.0,21.431,4.2,15.93915993,6.124358113,7.745,10447.244,1614.0,970.0,4.7,283735.0,1539.0,7580.0,3.9,5.7,137.4387,144.3,2781.67,347301.0,108.301,67.5,288986.0
2000-12,41464.0,46913.0,39449.0,47936.0,-0.0574382538770748,6792.0,21.821,3.6,16.09915993,5.974358113,7.382,10458.744,1543.0,969.0,4.4,283952.0,1521.0,7160.0,3.9,6.8,130.5541,144.2,2781.67,344139.0,109.14,67.5,281975.0
2001-01,41701.0,47026.0,39523.0,47998.0,0.632183908045972,6824.0,22.218,3.8,16.25298916,5.835833945,7.0325,10470.231,1699.0,986.0,4.9,284169.0,1456.0,7764.0,4.2,9.8,139.6751,144.2,2886.33,348279.0,109.846,67.5,278005.0
2001-02,41940.0,47144.0,39595.0,48066.0,0.39977155910909,6841.0,22.108,3.7,16.05298916,5.7758339450000005,7.05,10513.151,1656.0,987.0,5.0,284392.0,1536.0,7611.0,4.2,9.9,143.9848,144.2,2886.33,353629.0,110.499,67.57,270735.0
2001-03,42179.0,47262.0,39667.0,48134.0,0.227531285551749,6862.0,21.998,3.8,15.852989159999998,5.715833945,6.952,10556.071,1659.0,1001.0,5.3,284615.0,1470.0,7549.0,4.3,8.4,147.6021,144.2,2886.33,350029.0,111.108,67.64,280450.0
2001-04,42418.0,47380.0,39739.0,48202.0,0.3972758229285,6844.0,21.88747873,3.9,15.66419611,5.646561069,7.0775,10599.0,1666.0,1007.0,5.1,284838.0,1574.0,7560.0,4.4,7.1,152.7133,148.0,2653.67,361991.0,111.651,67.7,278653.0
2001-05,42657.0,47498.0,39811.0,48270.0,0.452232899943458,6849.0,22.03747873,4.0,15.51419611,5.616561068999999,7.145,10598.67,1665.0,1015.0,4.5,285086.67,1497.0,7559.0,4.3,5.6,149.6911,149.3,2653.67,360534.0,112.163,67.83,281069.0
2001-06,42896.0,47616.0,39883.0,48338.0,0.16882386043895,6840.0,22.18747873,4.2,15.36419611,5.586561069,7.159999999999999,10598.34,1626.0,1013.0,4.4,285335.34,1654.0,7613.0,4.5,5.1,147.0751,149.3,2653.67,365905.0,112.796,67.96000000000001,284499.0
2001-07,43135.0,47734.0,39955.0,48406.0,-0.280898876404488,6845.0,22.326,4.2,15.21256375,5.562341532,7.1275,10598.02,1598.0,1017.0,5.6,285584.0,1582.0,7671.0,4.6,4.9,147.7865,149.3,2556.0,366500.0,113.491,68.1,279200.0
2001-08,43374.0,47852.0,40027.0,48474.0,0.0,6827.0,22.306,4.4,15.20256375,5.402341532,6.95,10618.83,1615.0,1011.0,6.6,285826.33,1615.0,7628.0,4.9,5.8,145.3626,149.3,2556.0,369000.0,114.167,68.07,274690.0
2001-09,43613.0,47970.0,40099.0,48542.0,0.450704225352114,6813.0,22.286,4.4,15.19256375,5.242341531999999,6.8175,10639.64,1565.0,1014.0,7.0,286068.66,1551.0,7419.0,5.0,5.5,143.2876,149.3,2556.0,368809.0,114.811,68.03999999999999,270320.0
2001-10,43852.0,48088.0,40171.0,48610.0,-0.33651149747618,6804.0,22.261,4.3,15.18807607,5.078796687,6.6175,10660.465,1566.0,1008.0,3.1,286311.0,1599.0,7543.0,5.3,6.1,146.5655,149.3,2515.33,370957.0,115.309,68.0,268404.0
2001-11,44091.0,48206.0,40243.0,48678.0,-0.168823860438935,6784.0,22.241,4.1,15.36807607,5.108796687,6.658,10701.475,1651.0,1011.0,3.5,286519.0,1555.0,7694.0,5.5,7.6,151.3362,149.3,2515.33,375803.0,115.857,67.93,260359.0
2001-12,44330.0,48324.0,40315.0,48746.0,-0.394588500563707,6785.0,22.221,3.8,15.54807607,5.138796686999999,7.065,10742.485,1680.0,996.0,3.8,286727.0,1693.0,7869.0,5.7,9.0,149.4688,149.3,2515.33,376279.0,116.456,67.86,264194.0
2002-01,44318.0,48234.0,40335.0,48861.0,0.226372382569328,6775.0,22.21,4.2,15.73934624,5.179170563,6.9975,10783.5,1665.0,996.0,5.7,286935.0,1632.0,7847.0,5.7,13.6,154.1368,149.3,2741.67,377631.0,117.143,67.8,263731.0
2002-02,44306.0,48138.0,40352.0,48974.0,0.395256916996071,6766.0,22.39,4.0,15.73934624,5.379170563,6.8925,10818.15,1787.0,1005.0,5.5,287148.0,1671.0,7932.0,5.7,12.2,153.3106,149.3,2741.67,385745.0,117.845,67.73,256668.0
2002-03,44294.0,48042.0,40369.0,49087.0,0.562429696287966,6755.0,22.57,4.1,15.73934624,5.579170563,7.014,10852.8,1691.0,1013.0,5.6,287361.0,1559.0,7936.0,5.7,11.8,144.7966,148.6,2741.67,385406.0,118.686,67.66,252252.0
2002-04,44282.0,47946.0,40386.0,49200.0,0.559284116331084,6710.0,22.756,4.3,15.7432279,5.767403773,6.985,10887.46,1669.0,1011.0,5.5,287574.0,1625.0,7874.0,5.9,10.1,142.7707,150.1,2614.67,398990.0,119.61,67.6,250341.0
2002-05,44270.0,47850.0,40403.0,49313.0,0.0,6684.0,22.496,4.0,15.8432279,5.727403773,6.806,10919.65,1716.0,1019.0,6.2,287817.0,1705.0,7959.0,5.8,7.4,141.9094,150.1,2614.67,394223.0,120.724,67.72999999999999,241636.0
2002-06,44258.0,47754.0,40420.0,49426.0,0.0556173526140231,6701.0,22.236,4.2,15.9432279,5.687403773,6.65,10951.839999999998,1758.0,1023.0,6.2,288060.0,1589.0,7831.0,5.8,6.9,144.8674,150.5,2614.67,401920.0,121.812,67.86,235344.0
2002-07,44246.0,47658.0,40437.0,49539.0,0.111172873818774,6688.0,21.964,4.2,16.04755382,5.633759119,6.485,10984.04,1738.0,1029.0,5.4,288303.0,1615.0,7741.0,5.8,6.9,143.1601,150.5,2560.33,404632.0,122.887,68.0,229426.0
2002-08,44234.0,47562.0,40454.0,49652.0,0.333148250971684,6701.0,21.764,4.0,16.167553820000002,5.603759118999999,6.29,11009.84,1695.0,1013.0,5.4,288537.67,1722.0,7837.0,5.7,7.4,142.5233,150.5,2560.33,398875.0,123.83,68.1,227442.0
2002-09,44222.0,47466.0,40471.0,49765.0,0.16602102933039,6702.0,21.564,3.9,16.28755382,5.573759119,6.0925,11035.64,1803.0,1024.0,5.9,288772.34,1641.0,7832.0,5.7,7.0,144.0017,150.5,2560.33,394820.0,124.779,68.2,224568.0
2002-10,44210.0,47370.0,40488.0,49878.0,0.165745856353599,6689.0,21.365,4.0,16.40356533,5.554085017,6.1125,11061.433,1799.0,1026.0,5.8,289007.0,1601.0,7789.0,5.7,7.7,140.5239,150.5,2495.33,397077.0,125.734,68.3,228572.0
2002-11,44198.0,47274.0,40505.0,49991.0,0.0,6713.0,21.165,4.0,16.68356533,5.564085017,6.068,11099.003,1771.0,1031.0,5.8,289207.67,1718.0,7963.0,5.9,8.5,141.7779,150.5,2495.33,401424.0,126.669,68.2,228716.0
2002-12,44186.0,47178.0,40522.0,50104.0,-0.220628792057364,6700.0,20.965,4.0,16.963565329999998,5.574085017,6.0475,11136.573,1896.0,1033.0,5.4,289408.34,1671.0,7927.0,6.0,10.9,136.1994,150.5,2495.33,411758.0,127.623,68.1,222509.0
2003-01,44450.0,47444.0,40706.0,50323.0,0.442233278054161,6704.0,20.765,4.0,17.23083568,5.590053221,5.916,11174.129,1808.0,1049.0,5.4,289609.0,1654.0,7824.0,5.8,14.0,145.7576,150.5,2542.0,417788.0,128.46,68.0,226819.0
2003-02,44709.0,47713.0,40887.0,50545.0,0.770500825536602,6667.0,20.605,4.5,17.110835679999997,5.570053221,5.8425,11220.339,1854.0,1044.0,5.3,289823.67,1688.0,7501.0,5.9,14.0,130.6707,152.4,2542.0,417500.0,129.355,68.0,225646.0
2003-03,44968.0,47982.0,41068.0,50767.0,0.600764609502999,6654.0,20.445,4.1,16.99083568,5.550053221,5.745,11266.549,1757.0,1044.0,5.0,290038.34,1638.0,7854.0,5.9,11.8,139.9231,153.7,2542.0,413303.0,130.14700000000002,68.0,229653.0
2003-04,45227.0,48251.0,41249.0,50989.0,-0.217155266015187,6689.0,20.293,4.1,16.86274813,5.527591344,5.8125,11312.766,1803.0,1043.0,5.1,290253.0,1662.0,7895.0,6.0,9.3,143.4302,154.4,2460.33,420510.0,130.884,68.0,227092.0
2003-05,45486.0,48520.0,41430.0,51211.0,-0.163220892274219,6706.0,20.123,3.9,16.89274813,5.557591344,5.484,11397.396,1835.0,1047.0,5.5,290493.33,1733.0,8062.0,6.1,8.4,143.716,154.4,2460.33,421143.0,131.734,68.13,232573.0
2003-06,45745.0,48789.0,41611.0,51433.0,0.108991825613079,6723.0,19.953,3.5,16.92274813,5.587591344,5.23,11482.026,1875.0,1064.0,5.3,290733.66,1641.0,8084.0,6.3,7.9,146.5043,154.4,2460.33,430929.0,132.649,68.26,231498.0
2003-07,46004.0,49058.0,41792.0,51655.0,0.108873162765379,6735.0,19.795,3.6,16.9447071,5.61546195,5.6325,11566.669,1885.0,1078.0,6.1,290974.0,1680.0,8115.0,6.2,7.5,151.803,154.4,2478.0,448917.0,133.77700000000002,68.4,224707.0
2003-08,46263.0,49327.0,41973.0,51877.0,0.380641653072316,6760.0,20.225,3.5,17.5347071,5.74546195,6.264,11635.189,1966.0,1102.0,5.9,291205.67,1570.0,8156.0,6.1,7.1,152.498,154.4,2478.0,453031.0,134.968,68.47,228595.0
2003-09,46522.0,49596.0,42154.0,52099.0,0.325027085590467,6783.0,20.655,3.8,18.1247071,5.87546195,6.1475,11703.709,1961.0,1121.0,5.1,291437.34,1719.0,8214.0,6.1,7.6,154.9852,154.4,2478.0,458676.0,136.29399999999998,68.54,233700.0
2003-10,46781.0,49865.0,42335.0,52321.0,-0.107991360691145,6784.0,21.07598148,3.8,18.71549449,6.006090735,5.952,11772.234,2012.0,1135.0,5.3,291669.0,1728.0,8244.0,6.0,7.4,162.1132,154.4,2510.33,469855.0,137.532,68.6,233121.0
2003-11,47040.0,50134.0,42516.0,52543.0,-0.270270270270264,6796.0,21.21598148,4.1,18.77549449,6.046090735,5.9325,11822.634,1918.0,1158.0,5.3,291858.33,1692.0,8358.0,5.8,7.8,156.7902,154.4,2510.33,485245.0,138.793,68.6,226077.0
2003-12,47299.0,50403.0,42697.0,52765.0,-0.108401084010841,6827.0,21.35598148,4.0,18.83549449,6.086090735,5.876,11873.034,1987.0,1183.0,5.2,292047.66,1716.0,8312.0,5.7,9.3,160.271,154.4,2510.33,503356.0,140.179,68.6,232151.0
2004-01,47490.0,50801.0,42898.0,53022.0,0.48833423765599,6848.0,21.499,3.8,18.89475232,6.123230689,5.7125,11923.447,1952.0,1191.0,4.9,292237.0,1709.0,8307.0,5.7,11.3,152.7907,154.4,2623.33,498640.0,141.64600000000002,68.6,227349.0
2004-02,47681.0,51200.0,43095.0,53280.0,0.539956803455712,6838.0,21.479,3.7,18.84475232,6.103230689,5.635,11986.567,1966.0,1197.0,4.9,292449.67,1718.0,8375.0,5.6,11.6,149.9506,154.4,2623.33,500439.0,143.191,68.8,227051.0
2004-03,47872.0,51599.0,43292.0,53538.0,0.644468313641263,6887.0,21.459,3.6,18.79475232,6.083230689,5.445,12049.687,2066.0,1219.0,4.7,292662.34,1794.0,8585.0,5.8,11.3,169.2419,154.4,2623.33,506879.0,145.059,69.0,233056.0
2004-04,48063.0,51998.0,43489.0,53796.0,0.320170757737461,6901.0,21.43366422,4.0,18.75948013,6.064002572,5.83,12112.815,2070.0,1222.0,5.1,292875.0,1938.0,8519.0,5.6,9.5,170.912,155.6,2574.0,512400.0,146.592,69.2,233437.0
2004-05,48254.0,52397.0,43686.0,54054.0,0.585106382978719,6948.0,21.53366422,3.8,19.22948013,6.134002572,6.27,12176.975,2150.0,1233.0,5.1,293117.67,1893.0,8389.0,5.6,7.4,166.8739,155.6,2574.0,522534.0,148.185,69.13000000000001,232956.0
2004-06,48445.0,52796.0,43883.0,54312.0,0.317292437863566,6962.0,21.63366422,3.9,19.69948013,6.204002571999999,6.2875,12241.135,2020.0,1229.0,5.6,293360.34,1857.0,8572.0,5.6,7.0,161.1205,155.6,2574.0,527794.0,149.85,69.06,232519.0
2004-07,48636.0,53195.0,44080.0,54570.0,-0.158144438587237,6977.0,21.731,4.5,20.18101215,6.273903333,6.056,12305.307,2112.0,1247.0,5.0,293603.0,1881.0,8868.0,5.5,6.4,165.4313,155.6,2561.0,543260.0,151.338,69.0,238888.0
2004-08,48827.0,53594.0,44277.0,54828.0,0.0527983104540587,7003.0,21.841,4.3,20.02101215,6.273903333,5.8675,12379.277,2056.0,1238.0,5.0,293846.67,1911.0,8675.0,5.4,6.0,165.3898,155.6,2561.0,551447.0,152.634,69.07,241348.0
2004-09,49018.0,53993.0,44474.0,55086.0,0.211081794195252,7029.0,21.951,4.1,19.86101215,6.273903333,5.754,12453.247,2041.0,1247.0,4.4,294090.34,1796.0,8604.0,5.4,6.8,164.6773,155.6,2561.0,546306.0,154.179,69.14,246868.0
2004-10,49209.0,54392.0,44671.0,55344.0,0.526592943654557,7077.0,22.055,3.9,19.68728084,6.259126437,5.7225,12527.214,2097.0,1264.0,4.3,294334.0,1839.0,8806.0,5.5,6.9,159.7799,155.6,2616.0,551137.0,155.75,69.2,246581.0
2004-11,49400.0,54791.0,44868.0,55602.0,0.0523834468308086,7091.0,21.905,4.3,19.77728084,6.269126437,5.73,12607.234,2079.0,1268.0,3.8,294541.67,1758.0,8722.0,5.4,7.4,155.9717,155.6,2616.0,550392.0,157.52700000000002,69.17,247029.0
2004-12,49591.0,55190.0,45065.0,55860.0,-0.366492146596853,7117.0,21.755,4.1,19.86728084,6.279126437,5.752,12687.254,2082.0,1280.0,6.6,294749.34,1921.0,8905.0,5.4,9.5,165.2899,155.6,2616.0,566284.0,159.33,69.14,246725.0
2005-01,49692.0,55380.0,45278.0,55996.0,0.210194429847596,7095.0,21.612,4.4,19.9500262,6.275362861,5.71,12767.286,2139.0,1302.0,3.2,294957.0,1892.0,8856.0,5.3,11.8,162.337,156.0,2593.0,575650.0,161.28799999999998,69.1,250158.0
2005-02,49792.0,55570.0,45488.0,56138.0,0.576822233875206,7153.0,21.222,4.3,20.0800262,6.165362860999999,5.6275,12819.076,2114.0,1322.0,2.9,295167.33,1908.0,8908.0,5.4,12.3,166.6182,161.6,2593.0,588435.0,163.344,68.92999999999999,251796.0
2005-03,49892.0,55760.0,45698.0,56280.0,0.782064650677772,7181.0,20.832,4.1,20.2100262,6.055362861,5.928,12870.866,2062.0,1311.0,3.1,295377.66,1787.0,8840.0,5.2,10.3,164.584,159.2,2593.0,591580.0,165.812,68.75999999999999,251961.0
2005-04,49992.0,55950.0,45908.0,56422.0,0.672529746508014,7266.0,20.449,4.3,20.32669546,5.959056063,5.855,12922.656,2150.0,1324.0,2.7,295588.0,1927.0,8994.0,5.2,7.4,160.4395,163.2,2584.33,598335.0,167.50099999999998,68.6,254161.0
2005-05,50092.0,56140.0,46118.0,56564.0,-0.102774922918795,7294.0,20.269,4.2,20.24669546,5.819056063000001,5.72,12995.986,2085.0,1322.0,3.2,295838.67,2103.0,8963.0,5.1,6.1,164.6264,163.2,2584.33,603707.0,169.35,68.66999999999999,255438.0
2005-06,50192.0,56330.0,46328.0,56706.0,0.0514403292181004,7333.0,20.089,4.3,20.16669546,5.679056063,5.582,13069.316,2178.0,1329.0,2.6,296089.34,1965.0,9093.0,5.0,5.7,164.5805,163.2,2584.33,616958.0,171.19,68.74,252025.0
2005-07,50292.0,56520.0,46538.0,56848.0,0.462724935732656,7353.0,19.915,4.2,20.09013093,5.537896201,5.695,13142.642,2203.0,1338.0,2.1,296340.0,1886.0,9084.0,5.0,5.2,157.5149,163.2,2674.33,628750.0,172.859,68.8,253900.0
2005-08,50392.0,56710.0,46748.0,56990.0,0.511770726714434,7394.0,19.925,4.5,20.42013093,5.747896201,5.82,13203.162,2219.0,1356.0,2.6,296588.67,1952.0,9193.0,4.9,5.7,158.9917,163.2,2674.33,633710.0,174.44299999999998,68.86999999999999,257599.0
2005-09,50492.0,56900.0,46958.0,57132.0,1.22199592668025,7415.0,19.935,4.7,20.75013093,5.957896201,5.774,13263.682,2263.0,1377.0,2.7,296837.34,1922.0,9244.0,5.0,5.7,160.2513,163.2,2674.33,647374.0,176.437,68.94,263183.0
2005-10,50592.0,57090.0,47168.0,57274.0,0.201207243460752,7460.0,19.957,4.5,21.08794378,6.177083637,6.065,13324.204,2170.0,1376.0,2.9,297086.0,1962.0,9315.0,5.0,5.3,161.7801,163.2,2604.0,658590.0,178.02700000000002,69.0,265451.0
2005-11,50692.0,57280.0,47378.0,57416.0,-0.803212851405626,7524.0,20.207,5.0,21.31794378,6.327083637,6.33,13415.854,2218.0,1395.0,3.2,297302.67,1907.0,9319.0,5.0,5.7,166.926,163.2,2604.0,665376.0,179.68,68.83,269373.0
2005-12,50792.0,57470.0,47588.0,57558.0,-0.40485829959513,7533.0,20.457,4.9,21.54794378,6.477083637,6.272,13507.504,2120.0,1405.0,3.1,297519.34,1941.0,9260.0,4.9,8.2,170.1105,163.3,2604.0,670522.0,180.91,68.66,272395.0
2006-01,51039.0,57598.0,47576.0,57627.0,0.762195121951216,7601.0,20.702,5.3,21.77388394,6.631796279,6.145,13599.16,2212.0,1424.0,3.7,297736.0,2036.0,9561.0,4.7,9.0,192.0322,167.4,2626.67,675679.0,182.32,68.5,277343.0
2006-02,51289.0,57720.0,47570.0,57691.0,0.20171457387795,7664.0,20.592,6.1,21.66388394,6.701796279,6.2525,13650.58,2141.0,1423.0,3.9,297960.0,2048.0,9439.0,4.8,8.6,186.9827,168.9,2626.67,678562.0,183.287,68.57,280283.0
2006-03,51539.0,57842.0,47564.0,57755.0,0.55359838953198,7689.0,20.482000000000003,5.9,21.55388394,6.771796278999999,6.324,13702.0,2118.0,1423.0,4.1,298184.0,2245.0,9431.0,4.7,8.5,174.864,168.9,2626.67,668311.0,184.364,68.64,285365.0
2006-04,51789.0,57964.0,47558.0,57819.0,0.850850850850834,7726.0,20.366,6.3,21.43731098,6.828372784,6.5075,13753.424,1998.0,1401.0,3.8,298408.0,2071.0,9402.0,4.7,6.9,165.8735,169.4,2588.67,650388.0,184.329,68.7,287651.0
2006-05,52039.0,58086.0,47552.0,57883.0,0.496277915632743,7713.0,20.366,6.2,21.40731098,6.958372784,6.5975,13792.344,1905.0,1409.0,3.6,298665.33,1897.0,9368.0,4.6,6.6,160.6514,169.4,2588.67,633815.0,184.156,68.8,292927.0
2006-06,52289.0,58208.0,47546.0,57947.0,0.197530864197532,7699.0,20.366,6.3,21.37731098,7.088372784,6.682,13831.264,1867.0,1383.0,3.7,298922.66,2050.0,9485.0,4.6,5.6,161.3281,169.4,2588.67,615053.0,183.507,68.9,299334.0
2006-07,52539.0,58330.0,47540.0,58011.0,0.295712173484489,7712.0,20.352,7.3,21.36200647,7.229796828,6.7625,13870.188,1763.0,1363.0,3.1,299180.0,1934.0,9442.0,4.7,6.1,152.8727,169.4,2515.0,598487.0,183.067,69.0,301402.0
2006-08,52789.0,58452.0,47534.0,58075.0,0.196560196560197,7720.0,21.092,6.7,21.35200647,7.329796827999999,6.523999999999999,13926.648,1722.0,1339.0,3.3,299435.33,1877.0,9422.0,4.7,5.9,153.7995,169.4,2515.0,584460.0,182.596,68.97,306563.0
2006-09,53039.0,58574.0,47528.0,58139.0,-0.490436488474757,7718.0,21.832,6.7,21.34200647,7.429796828,6.4025,13983.108,1655.0,1317.0,3.2,299690.66,2011.0,9549.0,4.5,5.6,149.9671,169.4,2515.0,573878.0,182.798,68.94,307094.0
2006-10,53289.0,58696.0,47522.0,58203.0,-0.542138984721521,7682.0,22.574,7.3,21.32123934,7.524038627,6.3575,14039.56,1570.0,1283.0,3.2,299946.0,1918.0,9375.0,4.4,4.5,151.0867,169.4,2590.0,561444.0,183.198,68.9,304567.0
2006-11,53539.0,58818.0,47516.0,58267.0,-0.148662041625379,7666.0,22.034,6.6,20.30123934,7.684038627,6.24,14098.26,1535.0,1265.0,3.6,300167.0,1893.0,9311.0,4.5,6.0,153.3176,169.4,2590.0,548971.0,183.609,68.73,312164.0
2006-12,53789.0,58940.0,47510.0,58331.0,0.148883374689833,7685.0,21.494,6.5,19.281239340000003,7.844038627000001,6.135,14156.96,1638.0,1247.0,3.5,300388.0,1888.0,9334.0,4.4,6.9,167.7527,169.4,2590.0,545011.0,184.138,68.56,320162.0
2007-01,53869.0,58924.0,47564.0,58568.0,0.305252725470763,7725.0,20.969,7.2,18.2491288,8.019024255,6.2175,14215.651,1626.0,1217.0,3.2,300609.0,1822.0,9609.0,4.6,8.9,159.9997,173.4,2605.0,537571.0,184.516,68.4,320249.0
2007-02,53952.0,58914.0,47618.0,58805.0,0.535036755987662,7626.0,20.969,7.9,16.0091288,8.199024255,6.285,14277.791,1598.0,1206.0,3.6,300834.0,1640.0,9369.0,4.5,10.5,153.1247,173.6,2605.0,531641.0,184.598,68.33000000000001,332339.0
2007-03,54035.0,58904.0,47672.0,59042.0,0.910569585108543,7706.0,20.969,7.9,13.7691288,8.379024255,6.156000000000001,14339.931,1596.0,1192.0,3.9,301059.0,1623.0,9406.0,4.4,9.0,154.2676,175.7,2605.0,527865.0,184.149,68.26,340354.0
2007-04,54118.0,58894.0,47726.0,59279.0,0.649616268650889,7686.0,20.966,7.4,11.54173958,8.571120082,6.18,14402.082,1470.0,1181.0,3.8,301284.0,1539.0,9430.0,4.5,8.6,152.5383,188.5,2549.0,523666.0,183.01,68.2,345178.0
2007-05,54201.0,58884.0,47780.0,59516.0,0.61107186747047,7673.0,20.916,7.8,11.11173958,8.451120082000001,6.2620000000000005,14456.092,1493.0,1164.0,3.6,301543.33,1536.0,9331.0,4.4,6.9,154.5282,188.5,2549.0,514131.0,181.6,68.2,358048.0
2007-06,54284.0,58874.0,47834.0,59753.0,0.193797517660565,7687.0,20.866,8.2,10.68173958,8.331120082,6.657500000000001,14510.102,1407.0,1161.0,3.5,301802.66,1481.0,9264.0,4.6,5.9,149.986,188.5,2549.0,505936.0,180.254,68.2,369495.0
2007-07,54367.0,58864.0,47888.0,59990.0,-0.0254377207802054,7660.0,20.81634899,8.3,10.2635292,8.219771195,6.695,14564.117,1361.0,1144.0,3.4,302062.0,1534.0,9315.0,4.7,5.9,150.4928,188.5,2458.67,495976.0,179.111,68.2,370632.0
2007-08,54450.0,58854.0,47942.0,60227.0,-0.183390222708711,7610.0,20.74634899,9.2,10.2935292,8.059771195,6.572,14614.427,1321.0,1123.0,3.1,302317.67,1512.0,9300.0,4.6,5.3,149.1233,188.5,2458.67,480974.0,178.11700000000002,68.07000000000001,384672.0
2007-09,54533.0,58844.0,47996.0,60464.0,0.275590740535893,7577.0,20.67634899,9.2,10.3235292,7.899771195,6.3825,14664.737,1261.0,1108.0,3.1,302573.34,1356.0,9141.0,4.7,5.8,149.8047,188.5,2458.67,465709.0,177.558,67.94,395532.0
2007-10,54616.0,58834.0,48050.0,60701.0,0.213919132812117,7565.0,20.612,8.5,10.36258546,7.747088681,6.375,14715.058,1192.0,1096.0,3.0,302829.0,1405.0,9142.0,4.7,6.1,147.7916,188.6,2562.33,447819.0,176.62400000000002,67.8,408729.0
2007-11,54699.0,58824.0,48104.0,60938.0,0.593961787341581,7523.0,20.042,9.4,9.64258546,7.277088681,6.208,14712.218,1224.0,1080.0,2.8,303050.67,1390.0,9094.0,4.7,6.2,151.5488,188.6,2562.33,431878.0,175.14700000000002,67.8,402136.0
2007-12,54782.0,58814.0,48158.0,61175.0,-0.0670863129647814,7490.0,19.472,9.6,8.92258546,6.807088681,6.095,14709.378,1149.0,1059.0,3.2,303272.34,1328.0,9009.0,5.0,9.4,145.0394,188.6,2562.33,416486.0,174.342,67.8,401961.0
2008-01,54590.0,58682.0,48020.0,60973.0,0.497057647260469,7476.0,18.9,9.3,8.207419812,6.341538995,5.758,14706.538,1094.0,1041.0,3.2,303494.0,1331.0,8873.0,5.0,11.0,148.6468,189.0,2440.0,402138.0,173.132,67.8,414958.0
2008-02,54397.0,58556.0,47881.0,60767.0,0.290411218495348,7453.0,18.0,9.7,7.497419811999999,5.661538995,5.9175,14759.588,1014.0,1025.0,3.6,303716.0,1274.0,8594.0,4.9,11.4,145.2225,189.0,2440.0,386197.0,171.54,67.89999999999999,411129.0
2008-03,54204.0,58430.0,47742.0,60561.0,0.866821293098967,7406.0,17.099999999999998,10.5,6.787419812,4.981538994999999,5.97,14812.638,967.0,1014.0,3.4,303938.0,1195.0,8631.0,5.1,12.0,141.695,189.0,2440.0,390471.0,170.053,68.0,406437.0
2008-04,54011.0,58304.0,47603.0,60355.0,0.606477838971956,7327.0,16.212,10.3,6.06396669,4.296422436,5.9175,14865.701,1008.0,1009.0,2.9,304160.0,1022.0,8606.0,5.0,11.1,141.7131,189.0,2427.0,385328.0,168.338,68.1,411413.0
2008-05,53818.0,58178.0,47464.0,60149.0,0.842088603175631,7274.0,16.062,10.7,5.77396669,4.056422436,6.036,14876.801,995.0,991.0,7.3,304407.33,1142.0,8587.0,5.4,8.6,137.6036,188.3,2427.0,381911.0,166.65900000000002,68.03,414316.0
2008-06,53625.0,58052.0,47325.0,59943.0,1.0076996934894,7213.0,15.912,10.7,5.48396669,3.816422436,6.32,14887.901,1180.0,975.0,5.1,304654.66,1142.0,8473.0,5.6,8.2,134.7346,188.3,2427.0,374495.0,165.017,67.96,408045.0
2008-07,53432.0,57926.0,47186.0,59737.0,0.525101112812213,7160.0,15.75,10.5,5.199100982,3.571247116,6.425999999999999,14898.999,921.0,955.0,4.0,304902.0,1087.0,8369.0,5.8,8.0,135.0042,188.7,2314.67,364873.0,163.566,67.9,411470.0
2008-08,53239.0,57800.0,47047.0,59531.0,-0.399156225564174,7114.0,15.41,11.3,5.4291009820000005,3.391247116,6.4775,14802.069,858.0,936.0,3.5,305140.0,1017.0,8154.0,6.1,8.2,126.4443,190.7,2314.67,352598.0,161.988,67.77000000000001,403794.0
2008-09,53046.0,57674.0,46908.0,59325.0,-0.138301854066455,7044.0,15.07,10.9,5.659100982,3.211247116,6.0375,14705.139,797.0,904.0,4.3,305378.0,1160.0,7722.0,6.1,9.9,122.5937,191.2,2314.67,340396.0,160.308,67.64,410624.0
2008-10,52853.0,57548.0,46769.0,59119.0,-1.01013332845789,6967.0,14.72,11.6,5.897155697,3.018102168,6.2,14608.208,736.0,876.0,5.2,305616.0,1055.0,7735.0,6.5,10.8,118.4615,197.1,2246.0,329304.0,158.326,67.5,412323.0
2008-11,52660.0,57422.0,46630.0,58913.0,-1.91528953285958,6813.0,14.42,11.4,6.127155697,2.648102168,6.0875,14549.108,626.0,842.0,6.3,305823.0,1076.0,7640.0,6.8,12.7,110.4791,197.1,2246.0,312540.0,156.141,67.43,405596.0
2008-12,52467.0,57296.0,46491.0,58707.0,-1.03424738142875,6701.0,14.12,11.2,6.357155697,2.278102168,5.286,14490.008,554.0,806.0,6.2,306030.0,1021.0,7460.0,7.3,15.3,103.7368,197.1,2246.0,293997.0,153.618,67.36,393186.0
2009-01,52333.0,57188.0,46504.0,58631.0,0.435241737542101,6567.0,13.823,12.2,6.591277731,1.915486978,5.047499999999999,14430.901,545.0,783.0,6.2,306237.0,777.0,7363.0,7.8,18.2,95.2495,197.1,1972.67,283870.0,151.506,67.3,381677.0
2009-02,52203.0,57075.0,46514.0,58554.0,0.497293303590475,6446.0,13.183,10.5,6.381277731,1.845486978,5.13,14414.351,558.0,756.0,5.6,306446.67,819.0,7285.0,8.3,21.4,97.6872,197.1,1972.67,267938.0,150.014,67.33,382404.0
2009-03,52073.0,56962.0,46524.0,58477.0,0.24317484554154,6291.0,12.543,11.0,6.171277731,1.775486978,5.0025,14397.801,513.0,717.0,5.9,306656.34,839.0,7041.0,8.7,21.1,86.881,197.1,1972.67,254645.0,148.66,67.36,383667.0
2009-04,51943.0,56849.0,46534.0,58400.0,0.249636827778799,6154.0,11.91782018,10.7,5.957940152,1.709700312,4.8100000000000005,14381.236,521.0,677.0,6.6,306866.0,846.0,7067.0,9.0,18.7,81.9703,197.1,2141.67,243958.0,147.94799999999998,67.4,369627.0
2009-05,51813.0,56736.0,46544.0,58323.0,0.288876383417745,6100.0,11.77782018,9.3,6.077940152,1.659700312,4.8575,14403.786,556.0,650.0,7.9,307101.67,818.0,7087.0,9.4,19.2,78.8737,197.0,2141.67,237188.0,147.695,67.47,365757.0
2009-06,51683.0,56623.0,46554.0,58246.0,0.858989226395336,6010.0,11.63782018,8.5,6.197940152,1.609700312,5.42,14426.336,601.0,627.0,6.2,307337.34,797.0,7092.0,9.5,17.4,78.7749,197.0,2141.67,237343.0,148.09,67.54,354227.0
2009-07,51553.0,56510.0,46564.0,58169.0,-0.158558692215323,5932.0,11.493,7.9,6.324835435,1.562327588,5.222,14448.882,595.0,611.0,5.5,307573.0,797.0,7039.0,9.5,18.2,79.6953,197.0,2133.0,244141.0,148.409,67.6,344704.0
2009-08,51423.0,56397.0,46574.0,58092.0,0.224285004481049,5855.0,11.503,7.5,6.734835435,1.582327588,5.1925,14516.342,616.0,588.0,4.5,307810.33,792.0,6991.0,9.6,16.5,77.1998,197.0,2133.0,250768.0,148.27700000000002,67.47,334891.0
2009-09,51293.0,56284.0,46584.0,58015.0,0.0625480693495817,5787.0,11.513,7.8,7.144835435,1.602327588,5.0575,14583.802,609.0,576.0,5.6,308047.66,721.0,6981.0,9.8,17.1,76.367,197.0,2133.0,254135.0,148.024,67.33999999999999,322235.0
2009-10,51163.0,56171.0,46594.0,57938.0,0.0963101185818578,5716.0,11.512,7.4,7.568348808,1.632985382,4.952,14651.248,583.0,554.0,5.2,308285.0,746.0,6915.0,10.0,18.7,67.7512,197.0,2221.67,254942.0,147.849,67.2,308583.0
2009-11,51033.0,56058.0,46604.0,57861.0,0.0707753368767079,5696.0,11.432,7.6,7.388348808,1.632985382,4.875,14689.038,623.0,532.0,5.6,308490.33,844.0,6991.0,9.9,19.4,74.3749,197.0,2221.67,255941.0,148.134,67.17,299917.0
2009-12,50903.0,55945.0,46614.0,57784.0,-0.176119816946313,5654.0,11.352,8.0,7.208348807999999,1.632985382,4.93,14726.828,664.0,517.0,5.6,308695.66,750.0,7024.0,9.9,22.7,69.8002,197.0,2221.67,255801.0,147.929,67.14,286479.0
2010-01,51126.0,56056.0,46740.0,57810.0,0.34174735701485,5580.0,11.277,8.1,7.014017918,1.642052338,5.03,14764.611,636.0,501.0,5.9,308901.0,689.0,7011.0,9.8,24.7,68.4778,196.5,2108.33,254826.0,147.395,67.1,268992.0
2010-02,51352.0,56166.0,46863.0,57832.0,0.024920738207648,5500.0,11.347,8.3,6.684017918,1.622052338,4.99,14836.471,650.0,493.0,5.6,309096.67,670.0,7131.0,9.8,27.1,66.3508,196.5,2108.33,255121.0,145.631,67.03,267569.0
2010-03,51578.0,56276.0,46986.0,57854.0,0.410628353657108,5537.0,11.417,7.1,6.354017918,1.602052338,4.9675,14908.331,687.0,492.0,5.6,309292.34,635.0,7235.0,9.9,24.9,74.3844,196.5,2108.33,253924.0,145.859,66.96,267614.0
2010-04,51804.0,56386.0,47109.0,57876.0,0.173688491069743,5553.0,11.496,6.2,6.016956785,1.595528158,5.098000000000001,14980.193,637.0,488.0,6.2,309488.0,737.0,7128.0,9.9,21.8,83.5931,196.0,2331.67,254574.0,146.404,66.9,267185.0
2010-05,52030.0,56496.0,47232.0,57898.0,0.0775197354237721,5520.0,11.416,9.3,5.566956785,1.545528158,4.8875,15033.993,575.0,476.0,6.7,309708.0,702.0,7110.0,9.6,20.1,81.0539,196.0,2331.67,252896.0,146.394,66.9,264485.0
2010-06,52256.0,56606.0,47355.0,57920.0,-0.0976267084673888,5516.0,11.336,8.3,5.116956784999999,1.495528158,4.7375,15087.793,587.0,447.0,6.5,309928.0,894.0,7072.0,9.4,20.1,79.9611,196.0,2331.67,250518.0,145.72,66.9,264369.0
2010-07,52482.0,56716.0,47478.0,57942.0,0.0211043057371509,5508.0,11.262,8.9,4.671539776,1.454597789,4.564,15141.605,579.0,443.0,6.4,310148.0,572.0,7101.0,9.4,17.3,78.0626,196.0,2247.0,244354.0,144.99,66.9,252883.0
2010-08,52708.0,56826.0,47601.0,57964.0,0.138066427840807,5524.0,11.162,8.8,4.481539776,1.434597789,4.4275,15197.565,580.0,444.0,6.5,310371.0,592.0,7123.0,9.5,17.0,80.8866,196.0,2247.0,238695.0,143.915,66.77000000000001,255187.0
2010-09,52934.0,56936.0,47724.0,57986.0,0.0581736230715569,5501.0,11.062,7.6,4.2915397760000005,1.414597789,4.346,15253.525,563.0,439.0,6.5,310594.0,632.0,7108.0,9.5,17.2,80.733,196.0,2247.0,237834.0,143.018,66.64,253420.0
2010-10,53160.0,57046.0,47847.0,58008.0,0.124519888847696,5508.0,10.969,8.2,4.096322512,1.390304654,4.225,15309.471,558.0,436.0,6.3,310817.0,605.0,7039.0,9.4,17.3,82.9329,196.0,2350.67,236512.0,142.531,66.5,257733.0
2010-11,53386.0,57156.0,47970.0,58030.0,0.0420646423819507,5506.0,10.879,8.2,4.586322512000001,1.400304654,4.3,15323.461,560.0,431.0,6.1,311003.33,552.0,7098.0,9.8,18.8,82.6805,196.0,2350.67,237468.0,142.172,66.47,265154.0
2010-12,53612.0,57266.0,48093.0,58052.0,0.171844078920309,5467.0,10.789,7.0,5.076322512000001,1.410304654,4.714,15337.451,632.0,427.0,6.5,311189.66,565.0,7057.0,9.3,20.7,80.3226,196.0,2350.67,239030.0,142.061,66.44,257397.0
2011-01,53784.0,57337.0,48218.0,58388.0,0.476323005397414,5427.0,10.703,7.3,5.567214832,1.407345712,4.755,15351.444,576.0,431.0,6.9,311376.0,520.0,6984.0,9.1,22.5,79.0521,196.0,2180.0,240548.0,141.52200000000002,66.4,225709.0
2011-02,53952.0,57403.0,48339.0,58726.0,0.493136502545162,5451.0,10.813,8.1,4.777214832,1.397345712,4.9525,15420.144,542.0,424.0,7.2,311564.0,615.0,7145.0,9.0,21.8,82.803,196.0,2180.0,240062.0,140.351,66.23,229621.0
2011-03,54120.0,57469.0,48460.0,59064.0,0.975107203050938,5477.0,10.923,7.2,3.987214832,1.387345712,4.836,15488.844,583.0,420.0,6.6,311752.0,591.0,7411.0,9.0,20.0,80.3605,196.0,2180.0,241586.0,139.982,66.06,237178.0
2011-04,54288.0,57535.0,48581.0,59402.0,0.643942953545699,5485.0,11.034,6.7,3.207698156,1.367309102,4.84,15557.535,581.0,417.0,6.6,311940.0,549.0,7313.0,9.1,17.8,80.2154,196.0,2322.0,244598.0,140.01,65.9,239923.0
2011-05,54456.0,57601.0,48702.0,59740.0,0.470418752723364,5516.0,11.124,6.6,3.3476981560000003,1.387309102,4.6375,15587.585,618.0,415.0,6.5,312162.0,549.0,7245.0,9.0,16.3,83.0405,198.8,2322.0,245449.0,139.905,66.03,246937.0
2011-06,54624.0,57667.0,48823.0,60078.0,-0.107096705669922,5528.0,11.214,6.6,3.4876981560000004,1.407309102,4.51,15617.635,636.0,416.0,6.7,312384.0,579.0,7234.0,9.1,15.6,85.5086,198.8,2322.0,247520.0,139.862,66.16000000000001,262949.0
2011-07,54792.0,57733.0,48944.0,60416.0,0.0886045666793554,5547.0,11.306,6.7,3.640092348,1.437594277,4.545,15647.681,621.0,417.0,6.9,312606.0,634.0,7263.0,9.0,13.6,86.6224,198.8,2401.67,249770.0,139.73,66.3,262747.0
2011-08,54960.0,57799.0,49065.0,60754.0,0.27575889023645,5552.0,11.366,6.5,3.830092348,1.447594277,4.27,15712.541,647.0,414.0,6.9,312823.33,614.0,7326.0,9.0,13.5,88.4423,198.8,2401.67,251877.0,139.308,66.2,272384.0
2011-09,55128.0,57865.0,49186.0,61092.0,0.151846211569461,5584.0,11.425999999999998,6.3,4.020092348,1.457594277,4.106,15777.401,610.0,417.0,6.5,313040.66,603.0,7391.0,9.0,13.3,87.5078,198.8,2401.67,250152.0,138.66899999999998,66.1,273972.0
2011-10,55296.0,57931.0,49307.0,61430.0,-0.206268263335836,5588.0,11.499,6.0,4.220913643,1.476148975,4.0675,15842.267,671.0,422.0,6.5,313258.0,566.0,7295.0,8.8,13.7,88.3034,199.4,2288.33,252821.0,137.953,66.0,270982.0
2011-11,55464.0,57997.0,49428.0,61768.0,-0.084356133044206,5593.0,11.499,5.7,4.360913643,1.486148975,3.9925,15917.787,706.0,433.0,6.6,313443.0,585.0,7385.0,8.6,13.1,87.7571,199.4,2288.33,247279.0,137.153,65.8,277776.0
2011-12,55632.0,58063.0,49549.0,62106.0,-0.246651637713817,5611.0,11.499,5.3,4.5009136430000005,1.496148975,3.958,15993.307,697.0,434.0,7.5,313628.0,610.0,7518.0,8.5,16.0,92.3676,199.3,2288.33,247983.0,136.675,65.6,284011.0
2012-01,55657.0,58129.0,49423.0,61971.0,0.440019142826751,5626.0,11.492,5.3,4.65001325,1.495103193,3.915,16068.824,712.0,441.0,7.8,313813.0,545.0,7646.0,8.3,17.7,95.8403,199.3,2360.0,251869.0,136.608,65.4,293950.0
2012-02,55678.0,58189.0,49302.0,61839.0,0.440297355127631,5629.0,11.482,4.8,4.30001325,1.495103193,3.89,16114.924,738.0,450.0,7.8,313999.67,561.0,7627.0,8.3,17.1,95.3474,199.3,2360.0,247503.0,136.533,65.43,294111.0
2012-03,55699.0,58249.0,49181.0,61707.0,0.759455862393086,5625.0,11.472,4.9,3.95001325,1.495103193,3.954,16161.024,806.0,458.0,8.2,314186.34,582.0,7594.0,8.2,17.2,93.6095,199.3,2360.0,252283.0,137.905,65.46000000000001,297053.0
2012-04,55720.0,58309.0,49060.0,61575.0,0.302102950408034,5618.0,11.457,4.9,3.613364979,1.503634222,3.91,16207.13,732.0,463.0,8.5,314373.0,671.0,7502.0,8.2,14.5,94.8689,199.3,2350.33,258567.0,139.155,65.5,304401.0
2012-05,55741.0,58369.0,48939.0,61443.0,-0.117347936632105,5604.0,11.387,4.7,3.683364979,1.493634222,3.798,16244.6,796.0,474.0,8.6,314592.0,626.0,7652.0,8.2,14.2,92.7701,200.8,2350.33,263797.0,140.155,65.5,305582.0
2012-06,55762.0,58429.0,48818.0,61311.0,-0.146639688445049,5621.0,11.317,4.8,3.753364979,1.483634222,3.675,16282.07,794.0,486.0,8.6,314811.0,625.0,7552.0,8.2,12.8,91.4465,200.7,2350.33,269664.0,141.03,65.5,302591.0
2012-07,55783.0,58489.0,48697.0,61179.0,-0.162978586182561,5632.0,11.255,4.6,3.819880056,1.48677958,3.55,16319.54,849.0,490.0,7.8,315030.0,676.0,7650.0,8.2,12.3,90.0581,200.7,2293.67,273587.0,141.66899999999998,65.5,304534.0
2012-08,55804.0,58549.0,48576.0,61047.0,0.556515818143709,5648.0,11.265,4.6,3.699880056,1.50677958,3.6019999999999994,16353.160000000002,840.0,495.0,7.6,315248.33,684.0,7608.0,8.1,11.3,90.1465,200.7,2293.67,279216.0,142.281,65.47,302812.0
2012-09,55825.0,58609.0,48455.0,60915.0,0.446221226761131,5661.0,11.275,4.5,3.5798800560000004,1.52677958,3.4975,16386.780000000002,930.0,511.0,8.1,315466.66,652.0,7606.0,7.8,11.9,89.7802,200.7,2293.67,286120.0,142.909,65.44,305507.0
2012-10,55846.0,58669.0,48334.0,60783.0,-0.0388925140553232,5674.0,11.279,4.9,3.45865384,1.551877129,3.3825000000000003,16420.386,887.0,520.0,8.7,315685.0,730.0,7416.0,7.8,11.4,91.4772,200.7,2370.0,294197.0,143.602,65.4,306335.0
2012-11,55867.0,58729.0,48213.0,60651.0,-0.473808669488188,5684.0,10.899,4.6,3.25865384,1.611877129,3.3519999999999994,16489.935999999998,917.0,534.0,9.5,315855.33,668.0,7634.0,7.7,12.2,95.9137,200.7,2370.0,296510.0,144.586,65.27000000000001,301430.0
2012-12,55888.0,58789.0,48092.0,60519.0,-0.269306449020735,5724.0,10.519,4.5,3.0586538400000003,1.671877129,3.345,16559.485999999997,941.0,551.0,11.6,316025.66,677.0,7931.0,7.9,13.5,96.1474,200.7,2370.0,299101.0,145.503,65.14,304580.0
2013-01,55923.0,59095.0,48209.0,60951.0,0.295730419292604,5746.0,10.148,4.0,2.853973046,1.71883456,3.414,16629.05,940.0,559.0,5.9,316196.0,714.0,7924.0,8.0,16.1,98.907,201.4,2313.67,303792.0,146.827,65.0,292746.0
2013-02,55954.0,59406.0,48331.0,61378.0,0.819002952926876,5784.0,10.008,4.1,2.693973046,1.72883456,3.5325,16652.55,980.0,581.0,5.6,316375.0,729.0,7874.0,7.7,15.7,100.6487,201.4,2313.67,309078.0,147.783,65.0,292424.0
2013-03,55985.0,59717.0,48453.0,61805.0,0.261450858437495,5802.0,9.868,4.2,2.5339730460000003,1.73883456,3.565,16676.05,936.0,596.0,5.9,316554.0,816.0,7878.0,7.5,14.7,100.5747,201.4,2313.67,312083.0,149.963,65.0,290250.0
2013-04,56016.0,60028.0,48575.0,62232.0,-0.103963947708716,5796.0,9.735,4.4,2.374676243,1.759739712,3.4450000000000003,16699.551,1012.0,606.0,6.2,316733.0,712.0,7837.0,7.6,13.2,95.5687,203.8,2384.0,316537.0,151.519,65.0,293188.0
2013-05,56047.0,60339.0,48697.0,62659.0,0.178040777358723,5829.0,9.695,4.6,2.3446762430000003,1.769739712,3.536,16770.060999999998,1003.0,620.0,6.4,316954.0,708.0,7776.0,7.5,10.8,99.5607,203.8,2384.0,321706.0,152.849,65.1,297883.0
2013-06,56078.0,60650.0,48819.0,63086.0,0.23997080855995,5855.0,9.655,4.1,2.314676243,1.779739712,4.07,16840.571,942.0,629.0,6.5,317175.0,736.0,7988.0,7.5,9.8,101.1157,203.8,2384.0,324770.0,154.19899999999998,65.2,302661.0
2013-07,56109.0,60961.0,48941.0,63513.0,0.0393997533233011,5859.0,9.6,5.5,2.293091705,1.804090581,4.37,16911.068,997.0,640.0,6.3,317396.0,784.0,7965.0,7.3,9.1,101.9294,203.8,2352.67,328388.0,155.60399999999998,65.3,316339.0
2013-08,56140.0,61272.0,49063.0,63940.0,0.12029315570472,5878.0,9.68,5.5,2.333091705,1.844090581,4.456,16985.088,964.0,654.0,6.4,317621.33,765.0,8030.0,7.2,9.1,103.143,201.8,2352.67,335690.0,156.965,65.27,319524.0
2013-09,56171.0,61583.0,49185.0,64367.0,0.116300448526347,5910.0,9.76,5.4,2.373091705,1.884090581,4.49,17059.108,1004.0,661.0,6.5,317846.66,776.0,8086.0,7.2,8.5,105.1505,201.8,2352.67,339977.0,158.227,65.24,325461.0
2013-10,56202.0,61894.0,49307.0,64794.0,-0.257528325980464,5931.0,9.826,4.9,2.421580872,1.930239757,4.192,17133.114,1044.0,670.0,6.0,318072.0,801.0,8189.0,7.2,9.0,103.4174,201.8,2418.33,346273.0,159.24200000000002,65.2,333928.0
2013-11,56233.0,62205.0,49429.0,65221.0,-0.204242419052338,5963.0,9.896,5.0,2.471580872,1.940239757,4.255,17136.834000000003,1029.0,687.0,5.8,318263.0,839.0,8242.0,6.9,8.6,100.2048,201.8,2418.33,353317.0,160.07399999999998,65.07000000000001,340714.0
2013-12,56264.0,62516.0,49551.0,65648.0,-0.008581149788259,5932.0,9.966,5.2,2.521580872,1.950239757,4.4575,17140.554,1005.0,707.0,6.0,318454.0,778.0,7951.0,6.7,11.4,99.2019,201.8,2418.33,360754.0,160.993,64.94,348710.0
2014-01,56477.0,62747.0,49757.0,65993.0,0.372024767323605,5985.0,10.048,5.1,2.56351467,1.955761196,4.432,17144.281,976.0,713.0,6.7,318645.0,838.0,7826.0,6.6,12.3,96.8279,207.0,2317.67,368359.0,161.92700000000002,64.8,353903.0
2014-02,56687.0,62982.0,49967.0,66335.0,0.369790865096873,6007.0,10.148,5.3,2.49351467,1.955761196,4.3025,17250.421,1039.0,714.0,6.6,318839.33,876.0,8111.0,6.7,12.8,96.6639,207.0,2317.67,363860.0,162.52700000000002,64.77,359437.0
2014-03,56897.0,63217.0,50177.0,66677.0,0.644004412622824,6038.0,10.248,5.6,2.42351467,1.955761196,4.3425,17356.560999999998,1067.0,726.0,6.7,319033.66,893.0,8244.0,6.7,11.3,98.2095,207.0,2317.67,369329.0,163.088,64.74,355615.0
2014-04,57107.0,63452.0,50387.0,67019.0,0.329675445315773,6084.0,10.35892126,5.7,2.34249646,1.946578029,4.3375,17462.703,1090.0,743.0,6.9,319228.0,834.0,8366.0,6.2,9.4,99.8622,207.0,2484.67,375347.0,163.395,64.7,360049.0
2014-05,57317.0,63687.0,50597.0,67361.0,0.34926098400487,6109.0,10.34892126,5.2,2.33249646,1.956578029,4.192,17556.213,1018.0,754.0,7.1,319458.33,891.0,8348.0,6.3,8.6,103.247,207.0,2484.67,376671.0,163.662,64.60000000000001,356841.0
2014-06,57527.0,63922.0,50807.0,67703.0,0.186212694409411,6133.0,10.33892126,5.7,2.32249646,1.966578029,4.1625,17649.723,1010.0,771.0,7.1,319688.66,800.0,8360.0,6.1,8.2,102.0049,207.0,2484.67,372569.0,164.062,64.5,360030.0
2014-07,57737.0,64157.0,51017.0,68045.0,-0.0390193964161093,6178.0,10.315,6.2,2.31424131,1.969972446,4.13,17743.227,1076.0,790.0,7.2,319919.0,839.0,8382.0,6.2,7.5,104.798,207.0,2415.67,372572.0,164.576,64.4,359951.0
2014-08,57947.0,64392.0,51227.0,68387.0,-0.167051416579219,6210.0,10.365,5.4,2.32424131,1.989972446,4.115,17779.666999999998,1047.0,793.0,7.0,320149.67,908.0,8519.0,6.1,7.7,103.4822,207.0,2415.67,372893.0,165.21599999999998,64.27000000000001,360732.0
2014-09,58157.0,64627.0,51437.0,68729.0,0.0752568824311014,6242.0,10.415,5.4,2.33424131,2.009972446,4.1625,17816.107,1077.0,797.0,7.2,320380.34,975.0,8462.0,5.9,7.0,106.4102,207.0,2415.67,382053.0,165.907,64.14,363100.0
2014-10,58367.0,64862.0,51647.0,69071.0,-0.251227781255389,6259.0,10.455,5.3,2.356721698,2.030159273,4.036,17852.54,1094.0,806.0,7.1,320611.0,920.0,8496.0,5.7,6.4,107.4771,207.0,2539.0,386299.0,166.643,64.0,373536.0
2014-11,58577.0,65097.0,51857.0,69413.0,-0.539941794106119,6272.0,10.325,5.7,2.376721698,2.120159273,3.9975,17898.81,1059.0,814.0,7.3,320796.67,863.0,8582.0,5.8,7.5,99.994,207.0,2539.0,391521.0,167.33700000000002,63.9,373100.0
2014-12,58787.0,65332.0,52067.0,69755.0,-0.567010091001089,6293.0,10.195,5.1,2.396721698,2.2101592730000004,3.864,17945.08,1072.0,826.0,7.7,320982.34,955.0,8721.0,5.6,8.3,107.8144,207.1,2539.0,401584.0,168.05200000000002,63.8,370648.0
2015-01,58995.0,65426.0,52127.0,69871.0,-0.470589237347324,6320.0,10.0645959,4.8,2.408901597,2.297808063,3.67,17991.348,1049.0,830.0,8.0,321168.0,954.0,8701.0,5.7,9.8,108.0196,208.2,2348.67,405105.0,168.634,63.7,374782.0
2015-02,59209.0,65518.0,52192.0,69989.0,0.434304492377206,6361.0,9.9145959,4.5,2.388901597,2.2678080630000004,3.71,18058.798000000003,1127.0,830.0,8.1,321360.0,863.0,8508.0,5.5,10.6,98.3234,208.2,2348.67,410055.0,169.132,63.6,382163.0
2015-03,59423.0,65610.0,52257.0,70107.0,0.595172161109732,6334.0,9.7645959,5.1,2.368901597,2.237808063,3.77,18126.248000000003,1072.0,843.0,7.7,321552.0,781.0,8765.0,5.4,9.5,98.0626,208.2,2348.67,409845.0,169.801,63.5,393447.0
2015-04,59637.0,65702.0,52322.0,70225.0,0.203287325458769,6392.0,9.606865303,4.9,2.335026779,2.193379779,3.672,18193.707,1166.0,868.0,7.6,321744.0,1001.0,8885.0,5.4,7.5,102.8839,208.4,2526.67,415034.0,170.299,63.4,407690.0
2015-05,59851.0,65794.0,52387.0,70343.0,0.509723202549469,6427.0,9.636865303,5.0,2.335026779,2.203379779,3.84,18231.457,1272.0,878.0,7.5,321972.0,1012.0,9070.0,5.6,6.7,104.7122,208.4,2526.67,422979.0,170.882,63.5,418064.0
2015-06,60065.0,65886.0,52452.0,70461.0,0.350286999852812,6441.0,9.666865303,5.4,2.335026779,2.213379779,3.9825,18269.207,1379.0,896.0,7.4,322200.0,962.0,8898.0,5.3,6.3,107.4307,208.4,2526.67,433746.0,171.467,63.6,424797.0
2015-07,60279.0,65978.0,52517.0,70579.0,0.0067047159295661,6472.0,9.694577053,5.2,2.327667975,2.211366809,4.046,18306.96,1140.0,908.0,7.3,322428.0,988.0,9065.0,5.2,5.5,112.8845,208.4,2448.0,439819.0,172.12900000000002,63.7,414231.0
2015-08,60493.0,66070.0,52582.0,70697.0,-0.141627628281935,6490.0,9.734577053,5.0,2.357667975,2.221366809,3.905,18315.33,1165.0,921.0,7.3,322655.33,974.0,9079.0,5.1,6.1,114.3793,208.4,2448.0,439616.0,172.938,63.73,419103.0
2015-09,60707.0,66162.0,52647.0,70815.0,-0.155675657530359,6508.0,9.774577053,5.9,2.387667975,2.231366809,3.89,18323.7,1144.0,939.0,7.4,322882.66,1040.0,9065.0,5.0,5.5,114.5231,208.4,2448.0,448021.0,173.83,63.760000000000005,416898.0
2015-10,60921.0,66254.0,52712.0,70933.0,-0.0449683750446447,6547.0,9.804572611,5.6,2.431865211,2.229630802,3.796,18332.079,1160.0,943.0,7.5,323110.0,985.0,9164.0,5.0,6.2,113.241,208.4,2605.67,448256.0,174.793,63.8,411466.0
2015-11,61135.0,66346.0,52777.0,71051.0,-0.211068037908146,6598.0,9.944572611,5.5,2.491865211,2.259630802,3.9425,18363.159000000003,1244.0,962.0,7.3,323303.0,1000.0,9154.0,5.1,6.2,112.7522,208.4,2605.67,446990.0,175.739,63.7,410953.0
2015-12,61349.0,66438.0,52842.0,71169.0,-0.341709643711866,6630.0,10.084572611,5.1,2.551865211,2.289630802,3.964,18394.239,1211.0,970.0,7.4,323496.0,1023.0,9369.0,5.0,7.5,119.8456,208.4,2605.67,452947.0,176.545,63.6,405378.0
2016-01,61648.0,66660.0,53045.0,71394.0,0.165310220906868,6631.0,10.21698233,5.6,2.613578807,2.321212874,3.8725,18425.306,1171.0,968.0,7.7,323689.0,1056.0,9241.0,4.8,8.5,116.7888,214.8,2383.0,456468.0,177.27200000000002,63.5,401068.0
2016-02,61950.0,66876.0,53252.0,71622.0,0.0823076533454985,6640.0,10.14698233,5.5,2.5835788070000003,2.321212874,3.66,18487.406,1172.0,982.0,7.2,323881.0,1037.0,9277.0,4.9,8.7,119.0626,214.8,2383.0,462448.0,177.65200000000002,63.3,409310.0
2016-03,62252.0,67092.0,53459.0,71850.0,0.430600014339268,6678.0,10.07698233,5.5,2.553578807,2.321212874,3.694,18549.506,1118.0,987.0,7.6,324073.0,1003.0,9228.0,5.0,8.7,118.9009,215.0,2383.0,469622.0,178.168,63.1,419150.0
2016-04,62554.0,67308.0,53666.0,72078.0,0.4741067979104,6702.0,10.01695954,5.0,2.535300756,2.318322877,3.605,18611.617,1160.0,998.0,7.2,324265.0,945.0,9203.0,5.1,6.0,109.6192,215.7,2482.0,468416.0,178.768,62.9,422929.0
2016-05,62856.0,67524.0,53873.0,72306.0,0.404579099811517,6689.0,9.95695954,5.1,2.535300756,2.318322877,3.6,18666.227,1205.0,1010.0,6.9,324485.33,1000.0,9260.0,4.8,5.2,107.7492,215.7,2482.0,468910.0,179.43099999999998,63.1,430910.0
2016-06,63158.0,67740.0,54080.0,72534.0,0.328436616728188,6701.0,9.89695954,5.3,2.535300756,2.318322877,3.568,18720.837,1208.0,1016.0,6.6,324705.66,1109.0,9415.0,4.9,4.6,110.7745,215.7,2482.0,474571.0,180.079,63.3,441636.0
2016-07,63460.0,67956.0,54287.0,72762.0,-0.161813640474981,6735.0,9.849483748,4.5,2.539516547,2.30717029,3.44,18775.459,1198.0,1033.0,6.8,324926.0,1072.0,9340.0,4.8,4.5,105.8163,215.7,2572.33,476926.0,180.829,63.5,445429.0
2016-08,63762.0,68172.0,54494.0,72990.0,0.0918430107884498,6736.0,9.889483748,5.0,2.549516547,2.35717029,3.435,18839.649,1201.0,1038.0,6.8,325136.33,1054.0,9317.0,4.9,5.1,105.2523,215.7,2572.33,481061.0,181.854,63.57,448016.0
2016-09,64064.0,68388.0,54701.0,73218.0,0.240399586462898,6768.0,9.929483748,5.2,2.559516547,2.4071702900000003,3.46,18903.839,1303.0,1038.0,6.8,325346.66,1035.0,9542.0,5.0,5.2,105.2719,215.7,2572.33,482953.0,182.827,63.64,451562.0
2016-10,64366.0,68604.0,54908.0,73446.0,0.124674851301432,6799.0,9.959678069,5.2,2.577622934,2.456936251,3.47,18968.041,1254.0,1053.0,6.9,325557.0,1070.0,9380.0,4.9,5.7,106.2018,215.7,2474.33,496403.0,183.756,63.7,446695.0
2016-11,64668.0,68820.0,55115.0,73674.0,-0.155546086733514,6823.0,10.069678069,5.2,2.597622934,2.466936251,3.77,19028.091,1230.0,1042.0,7.0,325722.33,1244.0,9350.0,4.7,5.7,107.0915,215.7,2474.33,504630.0,184.765,63.67,458428.0
2016-12,64970.0,69036.0,55322.0,73902.0,0.0327321392317517,6818.0,10.179678069,5.4,2.617622934,2.476936251,4.198,19088.141,1248.0,1057.0,6.5,325887.66,1101.0,9346.0,4.7,7.4,103.4522,215.7,2474.33,512328.0,185.726,63.64,461342.0
2017-01,65075.0,69214.0,55419.0,74029.0,0.582772789025459,6840.0,10.27989225,5.4,2.641811645,2.500741169,4.15,19148.194,1296.0,1063.0,6.9,326053.0,1081.0,9493.0,4.7,9.4,103.6667,217.4,2476.0,510981.0,186.8,63.6,456087.0
2017-02,65178.0,69394.0,55513.0,74153.0,0.314611738641666,6881.0,10.56989225,5.3,2.6118116450000004,2.510741169,4.1675,19200.294,1237.0,1070.0,7.2,326220.0,1148.0,9490.0,4.6,8.8,109.3678,217.4,2476.0,531553.0,187.314,63.63,448256.0
2017-03,65281.0,69574.0,55607.0,74277.0,0.0812797871947232,6902.0,10.85989225,5.0,2.581811645,2.520741169,4.196,19252.394,1273.0,1071.0,7.2,326387.0,1147.0,9569.0,4.4,8.4,104.1273,217.2,2476.0,526970.0,187.992,63.66,448499.0
2017-04,65384.0,69754.0,55701.0,74401.0,0.296553336532688,6916.0,11.15414253,5.4,2.55809632,2.531675627,4.045,19304.506,1239.0,1075.0,7.3,326554.0,1069.0,9399.0,4.4,6.3,99.4783,219.2,2540.33,533062.0,188.727,63.7,446586.0
2017-05,65487.0,69934.0,55795.0,74525.0,0.0854721826896363,6931.0,11.14414253,5.1,2.53809632,2.621675627,4.01,19390.306,1205.0,1071.0,7.8,326749.33,1170.0,9485.0,4.4,5.3,98.5261,219.2,2540.33,536314.0,189.622,63.77,447834.0
2017-06,65590.0,70114.0,55889.0,74649.0,0.0907111014861139,6962.0,11.13414253,5.3,2.51809632,2.711675627,3.904,19476.106,1353.0,1073.0,7.5,326944.66,1236.0,9573.0,4.3,4.5,98.5578,219.2,2540.33,536675.0,190.512,63.84,444343.0
2017-07,65693.0,70294.0,55983.0,74773.0,-0.0689922638852295,6968.0,11.1341872,5.8,2.484689978,2.816321575,3.9675,19561.896,1254.0,1075.0,7.6,327140.0,1173.0,9522.0,4.3,4.9,96.7684,219.2,2441.33,541970.0,191.454,63.9,437904.0
2017-08,65796.0,70474.0,56077.0,74897.0,0.299445229710857,7002.0,11.2241872,6.1,2.514689978,2.856321575,3.88,19672.846,1336.0,1083.0,7.6,327324.0,1107.0,9591.0,4.4,4.7,96.8806,226.7,2441.33,542139.0,192.675,64.0,437551.0
2017-09,65899.0,70654.0,56171.0,75021.0,0.529490589323034,7013.0,11.3141872,5.3,2.544689978,2.896321575,3.805,19783.796,1277.0,1093.0,7.3,327508.0,1113.0,9542.0,4.3,4.7,96.879,248.0,2441.33,544359.0,193.774,64.1,440135.0
2017-10,66002.0,70834.0,56265.0,75145.0,-0.0632042103727646,7031.0,11.41141346,5.5,2.583717381,2.92739945,3.895,19894.75,1360.0,1101.0,7.4,327692.0,1196.0,9810.0,4.2,4.5,98.9506,248.0,2600.33,538409.0,194.82,64.2,442307.0
2017-11,66105.0,71014.0,56359.0,75269.0,0.0024324685907436,7068.0,11.46141346,4.8,2.563717381,2.93739945,3.922,19981.66,1295.0,1107.0,6.9,327825.0,1182.0,9929.0,4.2,5.0,101.8784,248.0,2600.33,562039.0,195.96400000000003,64.2,441516.0
2017-12,66208.0,71194.0,56453.0,75393.0,-0.05878322772623,7091.0,11.51141346,5.6,2.543717381,2.94739945,3.95,20068.57,1312.0,1100.0,6.3,327958.0,1200.0,10063.0,4.1,5.9,102.0626,248.0,2600.33,565020.0,197.17,64.2,447371.0
2018-01,66486.0,71506.0,56513.0,75551.0,0.544774545277541,7093.0,11.55794619,6.0,2.517957936,2.961010991,4.032500000000001,20155.486,1311.0,1105.0,7.1,328091.0,1208.0,9835.0,4.0,7.3,100.0281,230.9,2498.0,570932.0,198.294,64.2,465821.0
2018-02,66760.0,71814.0,56569.0,75715.0,0.45346899748655,7184.0,11.60794619,5.7,2.537957936,2.961010991,4.33,20260.386,1331.0,1109.0,7.2,328236.0,1288.0,9855.0,4.1,7.8,101.3911,230.9,2498.0,576594.0,199.211,64.23,477978.0
2018-03,67034.0,72122.0,56625.0,75879.0,0.226112590414904,7194.0,11.65794619,5.2,2.557957936,2.961010991,4.444,20365.286,1381.0,1121.0,7.2,328381.0,1181.0,9865.0,4.0,7.4,100.3022,240.5,2498.0,572219.0,199.952,64.26,469820.0
2018-04,67308.0,72430.0,56681.0,76043.0,0.397509156334893,7212.0,11.69969985,5.6,2.568391204,2.970033417,4.4675,20470.197,1365.0,1124.0,7.2,328526.0,1224.0,9999.0,4.0,6.5,102.4601,242.7,2550.67,573855.0,200.655,64.3,471318.0
2018-05,67582.0,72738.0,56737.0,76207.0,0.4158916925435,7274.0,11.67969985,5.5,2.568391204,2.990033417,4.586,20542.557,1331.0,1131.0,7.2,328697.33,1262.0,9907.0,3.8,4.4,105.2745,245.0,2550.67,577087.0,201.433,64.33,472940.0
2018-06,67856.0,73046.0,56793.0,76371.0,0.159387570154372,7292.0,11.65969985,5.8,2.568391204,3.010033417,4.57,20614.917,1338.0,1126.0,7.4,328868.66,1212.0,9939.0,4.0,4.7,103.0784,245.0,2550.67,569346.0,202.243,64.36,461819.0
2018-07,68130.0,73354.0,56849.0,76535.0,0.0067463262285171,7318.0,11.6408341,6.0,2.574407697,3.018811863,4.5275,20687.278,1333.0,1127.0,7.5,329040.0,1150.0,9999.0,3.8,3.4,103.6884,245.1,2502.0,559852.0,202.926,64.4,461304.0
2018-08,68404.0,73662.0,56905.0,76699.0,0.0555542328357295,7347.0,11.7008341,6.5,2.584407697,3.028811863,4.55,20731.278,1293.0,1129.0,7.6,329200.67,1262.0,9869.0,3.8,3.4,103.0046,250.6,2502.0,550497.0,203.71400000000003,64.53,467011.0
2018-09,68678.0,73970.0,56961.0,76863.0,0.116202517589025,7375.0,11.7608341,6.6,2.594407697,3.038811863,4.6275,20775.278,1320.0,1135.0,7.7,329361.34,1187.0,9857.0,3.7,4.1,100.7646,250.6,2502.0,551118.0,204.389,64.66000000000001,464825.0
2018-10,68952.0,74278.0,57017.0,77027.0,0.176676345572587,7389.0,11.81968591,7.2,2.617845731,3.055295654,4.83,20819.269,1280.0,1141.0,7.6,329522.0,1122.0,9895.0,3.8,3.6,100.0901,250.6,2585.33,536547.0,205.159,64.8,462942.0
2018-11,69226.0,74586.0,57073.0,77191.0,-0.334934851810097,7386.0,11.92968591,6.4,2.667845731,3.065295654,4.866,20883.879,1334.0,1144.0,7.5,329637.33,1131.0,9929.0,3.8,3.9,95.3075,250.6,2585.33,538953.0,205.692,64.6,452225.0
2018-12,69500.0,74894.0,57129.0,77355.0,-0.319396281513109,7396.0,12.03968591,7.6,2.717845731,3.075295654,4.6375,20948.489,1320.0,1148.0,9.4,329752.66,1053.0,10078.0,3.9,5.1,96.3338,249.0,2585.33,519036.0,206.149,64.39999999999999,462060.0
2019-01,69113.0,74829.0,57171.0,77142.0,0.190659666524684,7424.0,12.14594376,7.0,2.774221486,3.070946173,4.464,21013.085,1254.0,1152.0,9.3,329868.0,1258.0,9760.0,4.0,6.4,102.6488,250.7,2486.67,517390.0,206.495,64.2,458626.0
2019-02,68732.0,74768.0,57214.0,76928.0,0.422705314009692,7396.0,12.08594376,6.4,2.784221486,3.040946173,4.37,21099.535,1302.0,1140.0,9.5,329993.67,1334.0,9799.0,3.8,6.2,98.9187,250.5,2486.67,516797.0,206.792,64.17,465357.0
2019-03,68351.0,74707.0,57257.0,76714.0,0.564135835680577,7422.0,12.02594376,5.7,2.794221486,3.010946173,4.265,21185.985,1291.0,1125.0,9.1,330119.34,1301.0,9901.0,3.8,5.2,97.4072,252.4,2486.67,517696.0,207.017,64.14,474886.0
2019-04,67970.0,74646.0,57300.0,76500.0,0.529500161289074,7459.0,11.9679351,5.8,2.79140625,2.973611814,4.1425,21272.448,1298.0,1123.0,8.9,330245.0,1329.0,9941.0,3.6,4.7,98.5315,253.3,2545.67,522630.0,207.51,64.1,480435.0
2019-05,67589.0,74585.0,57343.0,76286.0,0.212875858938411,7486.0,11.8479351,6.7,2.77140625,2.923611814,4.072,21358.908,1338.0,1132.0,8.6,330406.33,1226.0,10034.0,3.7,3.2,98.1995,256.5,2545.67,528461.0,208.157,64.33,489938.0
2019-06,67208.0,74524.0,57386.0,76072.0,0.0199147181481604,7511.0,11.7279351,5.2,2.75140625,2.873611814,3.8025,21445.368,1301.0,1142.0,8.5,330567.66,1169.0,10075.0,3.6,4.0,98.042,254.1,2545.67,540442.0,208.677,64.55999999999999,499431.0
2019-07,66827.0,74463.0,57429.0,75858.0,0.167094162245338,7525.0,11.5953495,5.9,2.725035525,2.831256883,3.765,21531.839,1347.0,1146.0,8.4,330729.0,1219.0,10101.0,3.7,3.8,102.4513,253.4,2468.0,552575.0,209.319,64.8,508131.0
2019-08,66446.0,74402.0,57472.0,75644.0,-0.0050668236082818,7530.0,11.5553495,5.4,2.685035525,2.781256883,3.616,21590.069,1528.0,1149.0,8.7,330888.67,1294.0,10089.0,3.7,3.6,103.3392,252.1,2468.0,559755.0,210.145,64.89999999999999,519560.0
2019-09,66065.0,74341.0,57515.0,75430.0,0.0783448576930001,7551.0,11.5153495,5.4,2.645035525,2.731256883,3.605,21648.299,1491.0,1161.0,8.9,331048.34,1150.0,10232.0,3.5,3.2,106.1046,253.4,2468.0,563783.0,210.97,65.0,520507.0
2019-10,65684.0,74280.0,57558.0,75216.0,0.228619055223,7556.0,11.4633776,5.3,2.597060529,2.696247567,3.688,21706.532,1538.0,1160.0,8.9,331208.0,1294.0,10090.0,3.6,4.0,102.4713,251.1,2621.33,567704.0,211.874,65.1,525057.0
2019-11,65303.0,74219.0,57601.0,75002.0,-0.0536243034669465,7545.0,11.4733776,5.4,2.657060529,2.686247567,3.695,21650.362,1522.0,1165.0,8.9,331316.67,1244.0,10181.0,3.6,4.4,97.2591,251.9,2621.33,580112.0,212.819,65.16999999999999,531161.0
2019-12,64922.0,74158.0,57644.0,74788.0,-0.0909769525053793,7528.0,11.4833776,5.6,2.7170605290000003,2.676247567,3.72,21594.192,1461.0,1177.0,8.3,331425.34,1310.0,10231.0,3.6,5.0,100.0059,252.7,2621.33,586250.0,213.906,65.24,524947.0
2020-01,65389.0,74624.0,58166.0,75546.0,0.387976993781487,7580.0,11.48836474,5.7,2.770027958,2.658042589,3.624,21538.032,1500.0,1195.0,9.1,331534.0,1302.0,10380.0,3.5,5.4,107.993,252.9,2321.0,598551.0,214.904,65.3,523187.0
2020-02,65860.0,75087.0,58688.0,76301.0,0.274061813149543,7608.0,11.25836474,5.6,2.800027958,2.668042589,3.4650000000000003,20904.262,1440.0,1213.0,9.3,331589.0,1271.0,10201.0,3.5,5.5,105.8406,253.7,2321.0,609465.0,215.721,66.17,521188.0
2020-03,66331.0,75550.0,59210.0,77056.0,-0.217645103178479,7539.0,11.02836474,6.5,2.830027958,2.678042589,3.45,20270.492,1348.0,1215.0,13.8,331644.0,1247.0,7966.0,4.4,6.9,100.6725,257.2,2321.0,617132.0,216.314,67.03999999999999,514152.0
2020-04,66802.0,76013.0,59732.0,77811.0,-0.668694186699718,6527.0,10.79502163,6.9,2.851247346,2.679151888,3.306,19636.731,1050.0,1193.0,33.8,331699.0,1207.0,3939.0,14.7,16.6,95.8725,257.6,1916.33,595620.0,216.80900000000003,67.9,496322.0
2020-05,67273.0,76476.0,60254.0,78566.0,0.0019501616684046,7009.0,10.65502163,5.4,2.801247346,2.629151888,3.2325,20211.961,1253.0,1180.0,24.9,331756.67,1171.0,7126.0,13.2,12.7,99.8972,263.3,1916.33,583199.0,217.015,67.73,492143.0
2020-06,67744.0,76939.0,60776.0,79321.0,0.547204692777511,7170.0,10.51502163,3.8,2.751247346,2.579151888,3.1625,20787.191,1329.0,1183.0,20.1,331814.34,1244.0,9878.0,11.0,10.1,104.5993,263.3,1916.33,589685.0,217.657,67.56,496124.0
2020-07,68215.0,77402.0,61298.0,80076.0,0.505824350167009,7195.0,10.37710055,3.4,2.688028534,2.534484436,3.016,21362.428,1526.0,1201.0,19.2,331872.0,1314.0,10170.0,10.2,8.9,105.4513,261.4,3601.33,609849.0,219.448,67.4,493423.0
2020-08,68686.0,77865.0,61820.0,80831.0,0.315321052408127,7225.0,10.43710055,3.3,2.708028534,2.534484436,2.935,21476.518,1564.0,1213.0,15.5,331929.67,1238.0,10622.0,8.4,7.6,103.4103,261.4,3601.33,641103.0,222.484,66.87,484271.0
2020-09,69157.0,78328.0,62342.0,81586.0,0.13927469432666,7256.0,10.49710055,3.4,2.728028534,2.534484436,2.89,21590.608,1643.0,1218.0,14.6,331987.34,1446.0,10737.0,7.9,7.1,101.6846,263.3,3601.33,662353.0,225.937,66.34,483009.0
2020-10,69628.0,78791.0,62864.0,82341.0,0.0414937759336148,7310.0,10.56069666,3.3,2.743789101,2.533457972,2.834,21704.706,1622.0,1228.0,14.0,332045.0,1370.0,10594.0,6.9,6.8,102.824,263.3,2918.67,684180.0,229.888,65.8,486381.0
2020-11,70099.0,79254.0,63386.0,83096.0,-0.0610627217844138,7317.0,10.62069666,4.0,2.763789101,2.543457972,2.765,21907.756,1713.0,1248.0,13.3,332026.33,1240.0,10452.0,6.7,7.3,104.775,263.3,2918.67,702717.0,233.253,65.73,479857.0
2020-12,70570.0,79717.0,63908.0,83851.0,0.0941478467042597,7355.0,10.68069666,4.1,2.783789101,2.553457972,2.684,22110.806,1760.0,1262.0,13.8,332007.66,1386.0,10673.0,6.7,9.6,105.794,263.3,2918.67,725025.0,236.433,65.66,479213.0
